PersonID,FirstName,LastName,Email,BirthDate
1,Vincent Maverick,Durano,email1@email.com,19790122
2,Vianne Maverich,Durano,email2@email.com,20040202
3,Vynn Markus,Durano,email3@email.com,19750101
4,Michelle,Lorenzana_krishna,email4@email.com,19650623
5,Xhaiden,Durano,email5@email.com,19720217
6,Angel Christine,Durano,email6@email.com,20011123
7,Kurt,Durano,email7@email.com,19991001
8,Lilibeth,Durano,email8@email.com,19981223
9,Warrior,Martinez,email9@email.com,19871201
10,Rhamz,Lao,email10@email.com,19910815
11,Anthony,Grosse,,1980-02-23
12,Alica,Fatnowna_krk,,1963-11-14
13,Stella,Rosenhain,,1992-03-02
14,Miller,Dylan,,1954-01-05
